family,n_images,intra_dist,intra_std,inter_dist,n_species,n_genre,prop_male,view
acanthisittidae,8,0.08514495939016342,0.018914170563220978,0.07950109243392944,2,2,0.5,Side
acanthizidae,224,0.09540066868066788,0.03529118001461029,0.025760650634765625,56,15,0.5580357142857143,Side
accipitridae,898,0.11195151507854462,0.03262601047754288,0.02944844961166382,221,59,0.49888641425389757,Side
acrocephalidae,207,0.07803298532962799,0.026814399287104607,0.028142690658569336,40,4,0.5169082125603864,Side
aegithalidae,57,0.10605935007333755,0.022931313142180443,0.033510446548461914,10,4,0.5263157894736842,Side
aegithinidae,24,0.105157770216465,0.016903219744563103,0.12594562768936157,4,1,0.5,Side
aegothelidae,20,0.08597095310688019,0.026538534089922905,0.06356573104858398,5,1,0.4,Side
alaudidae,472,0.08242875337600708,0.023838071152567863,0.05759763717651367,85,19,0.5084745762711864,Side
alcedinidae,436,0.17105746269226074,0.03860386461019516,0.0689781904220581,84,17,0.49770642201834864,Side
alcidae,101,0.12854069471359253,0.030502386391162872,0.10945791006088257,21,10,0.48514851485148514,Side
anatidae,297,0.15198630094528198,0.045727603137493134,0.056432247161865234,152,47,0.4781144781144781,Side
anhimidae,6,0.08714187145233154,0.023392051458358765,0.11064088344573975,3,2,0.5,Side
anhingidae,22,0.12055408209562302,0.050782863050699234,0.10429024696350098,4,1,0.45454545454545453,Side
anseranatidae,2,0.07516944408416748,2.384185791015625e-07,0.14843308925628662,1,1,0.0,Side
apodidae,375,0.10320162773132324,0.03250570967793465,0.07412338256835938,82,17,0.5146666666666667,Side
apterygidae,8,0.10609401762485504,0.020125463604927063,0.19922101497650146,4,1,0.5,Side
aramidae,3,0.04822848364710808,0.009231590665876865,0.12229979038238525,1,1,0.6666666666666666,Side
ardeidae,298,0.1565954089164734,0.037492718547582626,0.05535626411437988,62,20,0.5201342281879194,Side
artamidae,104,0.13155898451805115,0.027688169851899147,0.04617464542388916,22,5,0.49038461538461536,Side
atrichornithidae,4,0.06447882950305939,0.014446002431213856,0.05205202102661133,2,1,0.5,Side
balaenicipitidae,2,0.03172105550765991,1.1920928955078125e-07,0.13334572315216064,1,1,0.5,Side
bernieridae,40,0.08377784490585327,0.024161547422409058,0.030005812644958496,9,5,0.475,Side
bombycillidae,18,0.08127257227897644,0.01643896847963333,0.07625198364257812,3,1,0.5,Side
brachypteraciidae,27,0.11860527098178864,0.03047492727637291,0.06728768348693848,5,3,0.48148148148148145,Side
bucconidae,124,0.13947491347789764,0.03369005396962166,0.03450745344161987,31,10,0.47580645161290325,Side
bucerotidae,235,0.13551941514015198,0.03326130658388138,0.09197652339935303,54,11,0.5404255319148936,Side
buphagidae,12,0.06986487656831741,0.023585312068462372,0.07092857360839844,2,1,0.5,Side
burhinidae,40,0.09565918147563934,0.021969448775053024,0.09849005937576294,7,2,0.5,Side
cacatuidae,61,0.16611935198307037,0.032155971974134445,0.07391595840454102,17,5,0.47540983606557374,Side
calcariidae,29,0.09400275349617004,0.021537236869335175,0.06028282642364502,6,2,0.4482758620689655,Side
callaeidae,3,0.04805344343185425,0.00500368932262063,0.11859488487243652,1,1,1.0,Side
calyptomenidae,25,0.15020059049129486,0.03168880566954613,0.06914860010147095,6,2,0.56,Side
calyptophilidae,3,0.06013798713684082,0.016032228246331215,0.07912641763687134,1,1,0.6666666666666666,Side
campephagidae,359,0.14560414850711823,0.05165733024477959,0.029519319534301758,72,5,0.5013927576601671,Side
capitonidae,40,0.15004576742649078,0.025635777041316032,0.08732759952545166,9,2,0.5,Side
caprimulgidae,339,0.09891977161169052,0.042832423001527786,0.07349467277526855,73,15,0.5073746312684366,Side
cardinalidae,238,0.14135725796222687,0.040793467313051224,0.026772260665893555,47,14,0.5252100840336135,Side
cariamidae,5,0.07092384994029999,0.015647167339920998,0.10682010650634766,2,2,0.4,Side
cathartidae,23,0.11323746293783188,0.02360789105296135,0.06928348541259766,6,4,0.5217391304347826,Side
certhiidae,37,0.07339740544557571,0.01952856406569481,0.062272846698760986,7,1,0.4864864864864865,Side
chaetopidae,9,0.08765095472335815,0.022794920951128006,0.06322067975997925,2,1,0.3333333333333333,Side
charadriidae,350,0.11546473950147629,0.02852647565305233,0.061412692070007324,63,10,0.5028571428571429,Side
chionidae,6,0.051496852189302444,0.013734886422753334,0.264090895652771,1,1,0.5,Side
chloropseidae,44,0.09750714153051376,0.022415069863200188,0.15175503492355347,8,1,0.5,Side
ciconiidae,83,0.1482192426919937,0.03167662024497986,0.07841700315475464,19,6,0.42168674698795183,Side
cinclidae,26,0.09006338566541672,0.017427003011107445,0.05135452747344971,5,1,0.5,Side
cinclosomatidae,40,0.13499189913272858,0.032657042145729065,0.04011547565460205,8,2,0.45,Side
cisticolidae,767,0.11075475811958313,0.03366057574748993,0.019698023796081543,144,22,0.5241199478487614,Side
climacteridae,34,0.0696459412574768,0.01537577249109745,0.029979288578033447,6,2,0.5,Side
cnemophilidae,14,0.1327332854270935,0.04050072655081749,0.04740309715270996,3,2,0.5714285714285714,Side
coliidae,36,0.07934083044528961,0.024549230933189392,0.1239168643951416,6,2,0.5,Side
columbidae,1250,0.14481613039970398,0.03937023505568504,0.027571141719818115,274,43,0.512,Side
conopophagidae,33,0.09284058213233948,0.019506191834807396,0.06582510471343994,10,2,0.5757575757575758,Side
coraciidae,65,0.12093852460384369,0.0257426630705595,0.11505496501922607,12,2,0.5076923076923077,Side
corcoracidae,12,0.08239257335662842,0.01855599507689476,0.06163215637207031,2,2,0.5,Side
corvidae,566,0.14789898693561554,0.03881310671567917,0.04743379354476929,114,22,0.49646643109540634,Side
cotingidae,251,0.15993539988994598,0.05650344118475914,0.009846150875091553,58,23,0.49800796812749004,Side
cracidae,78,0.1110670417547226,0.02618623524904251,0.07461416721343994,43,11,0.3974358974358974,Side
cuculidae,676,0.13776005804538727,0.03427179530262947,0.05495178699493408,132,26,0.4985207100591716,Side
dasyornithidae,4,0.050613656640052795,0.004329835530370474,0.06083095073699951,3,1,0.25,Side
dicaeidae,215,0.12320840358734131,0.029119642451405525,0.03986173868179321,42,2,0.5395348837209303,Side
dicruridae,115,0.09481225162744522,0.04162914678454399,0.08759361505508423,22,1,0.48695652173913045,Side
diomedeidae,54,0.10908740013837814,0.03425395488739014,0.09984242916107178,16,4,0.5,Side
donacobiidae,6,0.07069960981607437,0.021273063495755196,0.09597671031951904,1,1,0.5,Side
dromadidae,6,0.07072896510362625,0.015315604396164417,0.20802342891693115,1,1,0.5,Side
dulidae,6,0.06698012351989746,0.01847260631620884,0.05761110782623291,1,1,0.5,Side
elanidae,30,0.08844529092311859,0.021746216341853142,0.06461971998214722,6,3,0.5,Side
emberizidae,220,0.10166832059621811,0.03567423298954964,0.0344812273979187,41,4,0.5227272727272727,Side
estrildidae,639,0.14780785143375397,0.04068372771143913,0.024416089057922363,125,27,0.514866979655712,Side
eulacestomatidae,3,0.059368353337049484,0.011174291372299194,0.09034276008605957,1,1,0.3333333333333333,Side
eupetidae,6,0.05254851654171944,0.009576739743351936,0.11373448371887207,1,1,0.5,Side
eurylaimidae,44,0.15697823464870453,0.04767319932579994,0.07119697332382202,9,6,0.5,Side
eurypygidae,6,0.06969035416841507,0.020338555797934532,0.14466798305511475,1,1,0.5,Side
falconidae,308,0.12653416395187378,0.033699870109558105,0.027699947357177734,59,11,0.5032467532467533,Side
falcunculidae,6,0.05755968764424324,0.011057177558541298,0.1026497483253479,1,1,0.5,Side
formicariidae,34,0.08676376193761826,0.03026190772652626,0.050761520862579346,10,2,0.6470588235294118,Side
fregatidae,18,0.09101340174674988,0.020764561370015144,0.12136554718017578,5,1,0.5,Side
fringillidae,947,0.14197251200675964,0.04583060368895531,0.02050793170928955,181,32,0.5269271383315733,Side
furnariidae,889,0.09999110549688339,0.027892479673027992,0.022066116333007812,242,64,0.5106861642294713,Side
galbulidae,74,0.12220168858766556,0.028049299493432045,0.07249832153320312,18,5,0.47297297297297297,Side
gaviidae,21,0.08183158934116364,0.015527814626693726,0.15073156356811523,5,1,0.5238095238095238,Side
glareolidae,96,0.11174649000167847,0.02706759423017502,0.05285370349884033,17,4,0.5,Side
grallariidae,87,0.09808949381113052,0.024044765159487724,0.0696062445640564,30,4,0.5402298850574713,Side
gruidae,50,0.1363825798034668,0.040720194578170776,0.09624439477920532,15,2,0.46,Side
haematopodidae,45,0.12133244425058365,0.02273918129503727,0.05983603000640869,11,1,0.4666666666666667,Side
heliornithidae,17,0.09276807308197021,0.028550105169415474,0.06872034072875977,3,3,0.5294117647058824,Side
hemiprocnidae,24,0.10431605577468872,0.01936103031039238,0.08062338829040527,4,1,0.5,Side
hirundinidae,399,0.10457493364810944,0.026286039501428604,0.04119664430618286,76,17,0.518796992481203,Side
hydrobatidae,62,0.08748307824134827,0.025188805535435677,0.040344834327697754,13,3,0.532258064516129,Side
hyliotidae,20,0.09057823568582535,0.020742341876029968,0.11789572238922119,4,1,0.5,Side
hylocitreidae,3,0.033533912152051926,0.005319220945239067,0.07877552509307861,1,1,0.6666666666666666,Side
hypocoliidae,6,0.04883021116256714,0.005196265876293182,0.09792083501815796,1,1,0.5,Side
ibidorhynchidae,6,0.06267485022544861,0.010252188891172409,0.14126265048980713,1,1,0.5,Side
icteridae,485,0.15176807343959808,0.039797648787498474,0.03556168079376221,96,29,0.5278350515463918,Side
ifritidae,6,0.0561046302318573,0.014860501512885094,0.11342370510101318,1,1,0.5,Side
indicatoridae,90,0.0798531249165535,0.02445306070148945,0.036767005920410156,17,4,0.4888888888888889,Side
irenidae,12,0.10214551538228989,0.02352835424244404,0.14363586902618408,2,1,0.5,Side
jacanidae,46,0.13998697698116302,0.029427247121930122,0.06505513191223145,8,6,0.5,Side
lamproliidae,12,0.0940931960940361,0.01833009161055088,0.07910507917404175,2,2,0.5,Side
laniidae,175,0.10957672446966171,0.030375193804502487,0.05445241928100586,31,4,0.5085714285714286,Side
laridae,458,0.1144457459449768,0.02800498902797699,0.10879945755004883,98,15,0.5131004366812227,Side
leiothrichidae,726,0.11445397138595581,0.03708846867084503,0.012140095233917236,133,13,0.5041322314049587,Side
leptosomidae,6,0.10271494835615158,0.011091905646026134,0.07151031494140625,1,1,0.5,Side
locustellidae,197,0.0838659480214119,0.025582117959856987,0.02523571252822876,47,14,0.5228426395939086,Side
lybiidae,245,0.1662202775478363,0.03599534183740616,0.04488968849182129,43,7,0.5020408163265306,Side
machaerirhynchidae,12,0.09988120943307877,0.02881484292447567,0.15670669078826904,2,1,0.5,Side
macrosphenidae,91,0.10383635014295578,0.026166139170527458,0.03503352403640747,17,6,0.4835164835164835,Side
malaconotidae,186,0.1544993370771408,0.03958011418581009,0.02404731512069702,45,7,0.521505376344086,Side
maluridae,86,0.15837907791137695,0.04747389629483223,0.028919577598571777,21,5,0.5,Side
megalaimidae,154,0.11544212698936462,0.03466590493917465,0.11851674318313599,28,3,0.5194805194805194,Side
megapodiidae,34,0.11914936453104019,0.030100036412477493,0.06610465049743652,19,7,0.4411764705882353,Side
melampittidae,6,0.04864244535565376,0.00551749300211668,0.13747167587280273,2,1,0.5,Side
melanocharitidae,38,0.10202360153198242,0.025019658729434013,0.04411017894744873,9,3,0.5789473684210527,Side
melanopareiidae,8,0.08226331323385239,0.016905106604099274,0.06515568494796753,3,1,0.5,Side
meliphagidae,699,0.1204521507024765,0.043504949659109116,0.009101450443267822,159,38,0.5293276108726752,Side
menuridae,6,0.06416082382202148,0.01607014425098896,0.11526918411254883,2,1,0.5,Side
meropidae,150,0.13538461923599243,0.04180150851607323,0.12523603439331055,26,3,0.5066666666666667,Side
mesitornithidae,9,0.07640815526247025,0.024851949885487556,0.05764329433441162,3,2,0.5555555555555556,Side
mimidae,170,0.09707093983888626,0.032137323170900345,0.026602327823638916,33,9,0.5294117647058824,Side
mitrospingidae,16,0.11456835269927979,0.04025619104504585,0.04337376356124878,4,3,0.625,Side
modulatricidae,13,0.06552865356206894,0.014043508097529411,0.053547024726867676,3,2,0.5384615384615384,Side
mohouidae,17,0.10292673110961914,0.022543856874108315,0.0352245569229126,3,1,0.5294117647058824,Side
momotidae,54,0.10184059292078018,0.023401379585266113,0.15181666612625122,10,6,0.5555555555555556,Side
monarchidae,295,0.1421673744916916,0.04157565161585808,0.029623746871948242,67,12,0.5288135593220339,Side
motacillidae,312,0.10979187488555908,0.04711161553859711,0.03313040733337402,58,6,0.5096153846153846,Side
muscicapidae,1512,0.11977437883615494,0.0385625995695591,0.010485231876373291,278,50,0.5119047619047619,Side
musophagidae,128,0.1323326826095581,0.031820885837078094,0.08816468715667725,22,6,0.5,Side
nectariniidae,680,0.1348918229341507,0.04473486542701721,0.025049209594726562,123,5,0.513235294117647,Side
neosittidae,8,0.08631516247987747,0.028422290459275246,0.0604633092880249,2,1,0.625,Side
nesospingidae,2,0.031572967767715454,8.940696716308594e-08,0.06870746612548828,1,1,1.0,Side
nicatoridae,18,0.06778236478567123,0.021978385746479034,0.0748443603515625,3,1,0.5,Side
notiomystidae,5,0.09427601099014282,0.02012660726904869,0.05816549062728882,1,1,0.6,Side
numididae,11,0.13415350019931793,0.03301498666405678,0.10467028617858887,6,4,0.5454545454545454,Side
nyctibiidae,15,0.08450403809547424,0.018166719004511833,0.08889836072921753,6,1,0.4666666666666667,Side
oceanitidae,39,0.08788063377141953,0.022391971200704575,0.051793456077575684,7,5,0.46153846153846156,Side
odontophoridae,53,0.11969544738531113,0.029414024204015732,0.058435142040252686,29,10,0.41509433962264153,Side
opisthocomidae,5,0.06948024034500122,0.007664267905056477,0.11811649799346924,1,1,0.4,Side
oreoicidae,11,0.09681385010480881,0.0240964163094759,0.029529809951782227,2,2,0.45454545454545453,Side
oriolidae,163,0.14536334574222565,0.034597691148519516,0.041784703731536865,33,3,0.49079754601226994,Side
orthonychidae,9,0.07508368045091629,0.013521420769393444,0.05269676446914673,3,1,0.4444444444444444,Side
otididae,98,0.11288270354270935,0.03185740113258362,0.08335953950881958,23,7,0.5102040816326531,Side
pachycephalidae,143,0.11123736947774887,0.03410990908741951,0.01686406135559082,33,3,0.48951048951048953,Side
pandionidae,6,0.0602789930999279,0.013689923100173473,0.08863240480422974,1,1,0.5,Side
panuridae,6,0.08781582117080688,0.03248614817857742,0.09775400161743164,1,1,0.5,Side
paradisaeidae,194,0.16831262409687042,0.047682370990514755,0.03323841094970703,40,13,0.5618556701030928,Side
paradoxornithidae,120,0.1062522754073143,0.0408257320523262,0.030368804931640625,24,6,0.49166666666666664,Side
paramythiidae,11,0.09357499331235886,0.022429104894399643,0.1067056655883789,2,2,0.5454545454545454,Side
pardalotidae,19,0.10076854377985,0.01673935353755951,0.0680685043334961,4,1,0.5263157894736842,Side
paridae,293,0.1349114179611206,0.03998725116252899,0.03439277410507202,53,6,0.5119453924914675,Side
parulidae,507,0.12444562464952469,0.0359126515686512,0.033319830894470215,102,19,0.504930966469428,Side
passerellidae,533,0.11434751003980637,0.031931884586811066,0.013544797897338867,109,24,0.525328330206379,Side
passeridae,226,0.09511120617389679,0.03276556730270386,0.03733706474304199,38,4,0.504424778761062,Side
pelecanidae,41,0.12514905631542206,0.0380672924220562,0.14694112539291382,8,1,0.36585365853658536,Side
pellorneidae,235,0.09491349756717682,0.026443658396601677,0.025399744510650635,47,15,0.5191489361702127,Side
petroicidae,170,0.13239286839962006,0.03535056859254837,0.0268632173538208,42,13,0.4823529411764706,Side
peucedramidae,6,0.06004790589213371,0.00629711989313364,0.13123595714569092,1,1,0.5,Side
phaenicophilidae,13,0.0761377364397049,0.02367171086370945,0.10877847671508789,4,3,0.5384615384615384,Side
phaethontidae,16,0.08357793837785721,0.01528847310692072,0.19785767793655396,3,1,0.5625,Side
phalacrocoracidae,123,0.13130627572536469,0.038501810282468796,0.07540678977966309,32,1,0.5365853658536586,Side
phasianidae,337,0.15565916895866394,0.057796284556388855,0.0437774658203125,163,42,0.5044510385756676,Side
philepittidae,20,0.10506907850503922,0.033634576946496964,0.07695275545120239,4,2,0.5,Side
phoenicopteridae,24,0.1433873176574707,0.02554846554994583,0.2466343641281128,6,3,0.5416666666666666,Side
phoeniculidae,45,0.1077236458659172,0.030812840908765793,0.1225510835647583,8,2,0.5111111111111111,Side
phylloscopidae,336,0.08710215240716934,0.02517874911427498,0.03188729286193848,65,2,0.5178571428571429,Side
picathartidae,9,0.06987670063972473,0.009902737103402615,0.14178431034088135,2,1,0.3333333333333333,Side
picidae,1176,0.16880632936954498,0.03406587615609169,0.037618160247802734,212,29,0.5093537414965986,Side
pipridae,215,0.15167149901390076,0.064092256128788,0.04159575700759888,49,13,0.5348837209302325,Side
pittidae,154,0.15347260236740112,0.033284835517406464,0.09120738506317139,30,1,0.4935064935064935,Side
pityriasidae,6,0.055474359542131424,0.009147529490292072,0.1885288953781128,1,1,0.5,Side
platylophidae,6,0.05324271321296692,0.011361584067344666,0.0885014533996582,1,1,0.5,Side
platysteiridae,151,0.12508799135684967,0.03207764774560928,0.11407268047332764,28,3,0.5033112582781457,Side
ploceidae,575,0.15630808472633362,0.05019334331154823,0.03374171257019043,106,15,0.5113043478260869,Side
pluvianellidae,2,0.024183541536331177,8.940696716308594e-08,0.11895763874053955,1,1,0.0,Side
pluvianidae,6,0.061750371009111404,0.013182300142943859,0.17314809560775757,1,1,0.5,Side
pnoepygidae,14,0.05997546389698982,0.017264006659388542,0.1329593062400818,3,1,0.5,Side
podargidae,54,0.09170926362276077,0.025227507576346397,0.07746267318725586,13,3,0.5370370370370371,Side
podicipedidae,71,0.11565262079238892,0.034046947956085205,0.08422589302062988,18,6,0.5633802816901409,Side
polioptilidae,59,0.09952536970376968,0.028508221730589867,0.05741441249847412,11,3,0.5254237288135594,Side
pomatostomidae,23,0.09633611887693405,0.026284463703632355,0.03326261043548584,5,1,0.4782608695652174,Side
procellariidae,281,0.11332336068153381,0.03204095736145973,0.05458289384841919,70,15,0.47686832740213525,Side
promeropidae,11,0.09840144962072372,0.03844091668725014,0.06848275661468506,2,1,0.45454545454545453,Side
prunellidae,69,0.07538867741823196,0.02150854840874672,0.03426861763000488,13,1,0.5072463768115942,Side
psittacidae,1124,0.15112847089767456,0.04594389349222183,0.12386059761047363,267,74,0.5213523131672598,Side
psophiidae,12,0.1251204013824463,0.04364893212914467,0.09522897005081177,3,1,0.4166666666666667,Side
psophodidae,11,0.0862635150551796,0.01840955577790737,0.050386786460876465,3,1,0.36363636363636365,Side
pteroclidae,96,0.10613743215799332,0.021119974553585052,0.08972930908203125,16,2,0.5,Side
ptiliogonidae,24,0.1135168969631195,0.029733413830399513,0.040166616439819336,4,3,0.5,Side
ptilonorhynchidae,76,0.13379785418510437,0.050896886736154556,0.018903911113739014,17,8,0.5131578947368421,Side
pycnonotidae,640,0.09449155628681183,0.030419308692216873,0.0227813720703125,113,20,0.503125,Side
rallidae,483,0.13400903344154358,0.034302838146686554,0.04109025001525879,112,29,0.4927536231884058,Side
ramphastidae,160,0.1547689139842987,0.03890505060553551,0.08843111991882324,34,5,0.54375,Side
recurvirostridae,37,0.13337187469005585,0.036347027868032455,0.1105043888092041,8,2,0.4864864864864865,Side
regulidae,35,0.09227970987558365,0.01572495512664318,0.058209896087646484,6,1,0.5142857142857142,Side
remizidae,58,0.09790688753128052,0.02059045061469078,0.03879678249359131,11,3,0.5689655172413793,Side
rhagologidae,3,0.031053582206368446,0.004303124267607927,0.06449329853057861,1,1,1.0,Side
rhinocryptidae,100,0.10310006141662598,0.029178990051150322,0.03396165370941162,30,12,0.55,Side
rhipiduridae,157,0.10624877363443375,0.03000767156481743,0.03226637840270996,36,1,0.5095541401273885,Side
rhodinocichlidae,4,0.07108673453330994,0.0207851380109787,0.06552767753601074,1,1,0.25,Side
rhynochetidae,3,0.06448191404342651,0.011098884046077728,0.07915651798248291,1,1,0.6666666666666666,Side
rostratulidae,18,0.10020560771226883,0.02121133916079998,0.08257484436035156,3,1,0.5,Side
sagittariidae,6,0.07412272691726685,0.01126120425760746,0.1100965142250061,1,1,0.5,Side
scolopacidae,461,0.10802270472049713,0.028066236525774002,0.07574832439422607,84,22,0.5032537960954447,Side
scopidae,6,0.05659303069114685,0.015466124750673771,0.11280596256256104,1,1,0.5,Side
scotocercidae,171,0.11243367195129395,0.03070889599621296,0.024896979331970215,33,10,0.47953216374269003,Side
semnornithidae,11,0.09918379038572311,0.01535707525908947,0.08894044160842896,2,1,0.5454545454545454,Side
sittidae,126,0.11528009921312332,0.04252775013446808,0.04805546998977661,24,3,0.5476190476190477,Side
spheniscidae,66,0.09675552695989609,0.03151382878422737,0.1343313455581665,18,6,0.48484848484848486,Side
spindalidae,23,0.11058838665485382,0.02550429478287697,0.058887481689453125,4,1,0.5217391304347826,Side
steatornithidae,6,0.057944685220718384,0.010785720311105251,0.11115556955337524,1,1,0.5,Side
stenostiridae,51,0.12330429255962372,0.034163251519203186,0.03710991144180298,9,4,0.5294117647058824,Side
stercorariidae,46,0.09764207899570465,0.02377374842762947,0.045201778411865234,8,2,0.4782608695652174,Side
strigidae,576,0.10292045027017593,0.02470303885638714,0.07382965087890625,136,20,0.5052083333333334,Side
strigopidae,14,0.08460190147161484,0.011086017824709415,0.07005345821380615,3,2,0.5714285714285714,Side
sturnidae,550,0.1425369530916214,0.038652244955301285,0.026017606258392334,104,23,0.5109090909090909,Side
sulidae,41,0.11480201035737991,0.03275177255272865,0.1107720136642456,10,3,0.4878048780487805,Side
sylviidae,161,0.08060147613286972,0.02299252152442932,0.02249664068222046,28,5,0.5031055900621118,Side
teretistridae,8,0.06303023546934128,0.020983809605240822,0.11075949668884277,2,1,0.75,Side
thamnophilidae,664,0.131819486618042,0.03621978312730789,0.026045680046081543,166,45,0.5060240963855421,Side
thinocoridae,20,0.0748649314045906,0.018505873158574104,0.10700082778930664,4,2,0.55,Side
thraupidae,1440,0.15533526241779327,0.050521187484264374,0.010936617851257324,329,87,0.5388888888888889,Side
threskiornithidae,129,0.17041093111038208,0.05083874613046646,0.054673194885253906,33,14,0.46511627906976744,Side
timaliidae,273,0.1025349348783493,0.02454277127981186,0.021036863327026367,58,9,0.5018315018315018,Side
tinamidae,59,0.11649472266435623,0.021705076098442078,0.08447921276092529,33,8,0.4067796610169492,Side
tityridae,195,0.1227608323097229,0.036430418491363525,0.008511960506439209,39,10,0.517948717948718,Side
todidae,22,0.09098319709300995,0.026788072660565376,0.22938048839569092,5,1,0.5909090909090909,Side
trochilidae,1382,0.13335847854614258,0.037273406982421875,0.06992554664611816,301,102,0.5260492040520984,Side
troglodytidae,273,0.11629291623830795,0.029415810480713844,0.031609296798706055,70,16,0.5421245421245421,Side
trogonidae,198,0.134905606508255,0.026140300557017326,0.07259202003479004,37,6,0.5202020202020202,Side
turdidae,684,0.10677115619182587,0.0388847216963768,0.012793421745300293,136,17,0.5116959064327485,Side
turnicidae,74,0.09724078327417374,0.019213955849409103,0.10523712635040283,14,2,0.4864864864864865,Side
tyrannidae,1421,0.10985620319843292,0.03653108328580856,0.013037621974945068,341,93,0.5369458128078818,Side
tytonidae,31,0.1021067202091217,0.023132601752877235,0.09042644500732422,9,2,0.45161290322580644,Side
upupidae,6,0.04503343626856804,0.01363443210721016,0.15422368049621582,1,1,0.5,Side
urocynchramidae,4,0.0733734667301178,0.036773521453142166,0.09978008270263672,1,1,0.75,Side
vangidae,183,0.13346068561077118,0.038419075310230255,0.029236793518066406,34,21,0.5081967213114754,Side
viduidae,74,0.15664689242839813,0.04907746613025665,0.03129762411117554,17,2,0.6621621621621622,Side
vireonidae,224,0.10185054689645767,0.03288755193352699,0.03805500268936157,51,6,0.47767857142857145,Side
zeledoniidae,6,0.0435950867831707,0.007203774061053991,0.08496993780136108,1,1,0.5,Side
zosteropidae,351,0.10392270237207413,0.026248730719089508,0.040357112884521484,84,11,0.5327635327635327,Side
